dataset,total_classes,k,algorithm,seed,final_accuracy,epochs,training_time_s,timestamp,git_commit
cifar100-subset,10,1,CLPL,42,72.5,500,929.9,2026-08-14T04:15:47.657916,2b04963
cifar100-subset,10,1,SCL-NL,42,74.2,500,585.1,2026-08-15T14:14:18.272692,b524fcf
cifar100-subset,10,2,CLPL,42,69.2,500,925.0,2026-08-14T04:46:37.621159,2b04963
cifar100-subset,10,2,SCL-NL,42,69.4,500,553.1,2026-08-15T14:23:31.640593,b524fcf
cifar100-subset,10,3,CLPL,42,66.9,500,915.7,2026-08-14T05:17:11.876705,2b04963
cifar100-subset,10,3,SCL-NL,42,69.6,500,552.9,2026-08-15T14:32:44.777079,b524fcf
cifar100-subset,10,5,CLPL,42,63.0,500,917.0,2026-08-14T05:47:41.185307,2b04963
cifar100-subset,10,5,SCL-NL,42,61.5,500,551.1,2026-08-15T14:41:56.109291,b524fcf
cifar100-subset,10,8,CLPL,42,46.8,500,915.6,2026-08-14T06:18:16.036618,2b04963
cifar100-subset,10,8,SCL-NL,42,49.2,500,547.8,2026-08-15T14:51:04.155642,951d87e
cifar100-subset,10,9,CLPL,42,42.1,500,916.0,2026-08-14T06:48:43.162073,2b04963
cifar100-subset,10,9,SCL-NL,42,35.8,500,544.0,2026-08-15T15:00:08.520428,951d87e
cifar100-subset,20,1,CLPL,42,69.6,500,1823.1,2026-08-14T07:34:20.081241,2b04963
cifar100-subset,20,1,SCL-NL,42,73.4,500,1102.7,2026-08-15T15:18:31.493286,951d87e
cifar100-subset,20,2,CLPL,42,68.65,500,1824.1,2026-08-14T08:35:25.322771,2b04963
cifar100-subset,20,2,SCL-NL,42,72.95,500,1086.0,2026-08-15T15:36:37.825942,951d87e
cifar100-subset,20,3,CLPL,42,67.95,500,1826.6,2026-08-14T09:36:36.329845,2b04963
cifar100-subset,20,3,SCL-NL,42,69.75,500,1086.9,2026-08-15T15:54:45.059313,951d87e
cifar100-subset,20,5,CLPL,42,64.55,500,1841.7,2026-08-14T10:37:43.920142,2b04963
cifar100-subset,20,5,SCL-NL,42,70.25,500,1089.4,2026-08-15T16:12:55.004070,951d87e
cifar100-subset,20,10,CLPL,42,52.15,500,1821.4,2026-08-14T11:38:46.013527,2b04963
cifar100-subset,20,10,SCL-NL,42,60.4,500,1098.9,2026-08-15T16:31:14.295096,951d87e
cifar100-subset,20,15,CLPL,42,34.95,500,1815.4,2026-08-14T12:39:16.763195,2b04963
cifar100-subset,20,15,SCL-NL,42,44.45,500,1087.4,2026-08-15T16:49:22.113039,951d87e
cifar100-subset,20,19,CLPL,42,17.7,500,1821.7,2026-08-14T13:39:54.318074,2b04963
cifar100-subset,20,19,SCL-NL,42,14.8,500,1073.6,2026-08-15T17:07:16.087791,951d87e
cifar100-subset,50,1,CLPL,42,58.36,500,4530.1,2026-08-14T15:26:55.490018,2b04963
cifar100-subset,50,1,SCL-NL,42,58.86,500,2750.9,2026-08-15T17:53:07.407445,951d87e
cifar100-subset,50,2,CLPL,42,59.04,500,4518.4,2026-08-14T17:57:39.424913,2b04963
cifar100-subset,50,2,SCL-NL,42,58.12,500,2733.3,2026-08-15T18:38:41.460410,951d87e
cifar100-subset,50,3,CLPL,42,58.56,500,4573.2,2026-08-14T20:30:00.497295,2b04963
cifar100-subset,50,3,SCL-NL,42,57.08,500,2745.9,2026-08-15T19:24:28.098168,951d87e
cifar100-subset,10,1,MCL-LOG-Fixed,42,74.4,500,664.4,2026-08-14T22:08:28.722349,2cb3935
cifar100-subset,50,5,CLPL,42,57.92,500,4520.6,2026-08-14T23:05:21.060263,2cb3935
cifar100-subset,10,2,MCL-LOG-Fixed,42,68.9,500,613.9,2026-08-14T23:56:08.091049,b524fcf
cifar100-subset,10,3,MCL-LOG-Fixed,42,67.6,500,617.2,2026-08-15T00:06:25.598362,b524fcf
cifar100-subset,10,5,MCL-LOG-Fixed,42,60.1,500,615.0,2026-08-15T00:16:40.806448,b524fcf
cifar100-subset,50,5,SCL-NL,42,51.42,500,2830.5,2026-08-15T20:11:39.367385,951d87e
cifar100-subset,10,8,MCL-LOG-Fixed,42,48.9,500,612.4,2026-08-15T00:26:53.453025,b524fcf
cifar100-subset,10,9,MCL-LOG-Fixed,42,40.1,500,608.7,2026-08-15T00:37:02.416797,b524fcf
cifar100-subset,20,1,MCL-LOG-Fixed,42,69.6,500,1365.7,2026-08-15T00:59:48.372496,b524fcf
cifar100-subset,20,2,MCL-LOG-Fixed,42,68.55,500,1430.7,2026-08-15T01:23:39.512588,b524fcf
cifar100-subset,20,3,MCL-LOG-Fixed,42,67.55,500,1518.8,2026-08-15T01:48:58.739698,b524fcf
cifar100-subset,20,5,MCL-LOG-Fixed,42,64.5,500,1443.5,2026-08-15T02:13:02.691350,b524fcf
cifar100-subset,20,10,MCL-LOG-Fixed,42,56.15,500,1448.7,2026-08-15T02:37:11.841304,b524fcf
cifar100-subset,20,15,MCL-LOG-Fixed,42,41.8,500,1425.6,2026-08-15T03:00:57.889375,b524fcf
cifar100-subset,20,19,MCL-LOG-Fixed,42,17.3,500,1441.7,2026-08-15T03:25:00.112869,b524fcf
cifar100-subset,50,1,MCL-LOG-Fixed,42,59.3,500,3492.3,2026-08-15T04:23:12.832632,b524fcf
cifar100-subset,50,2,MCL-LOG-Fixed,42,58.72,500,3820.0,2026-08-15T05:26:53.717243,b524fcf
cifar100-subset,50,3,MCL-LOG-Fixed,42,58.72,500,3713.2,2026-08-15T06:28:47.747682,b524fcf
cifar100-subset,50,5,MCL-LOG-Fixed,42,55.72,500,3242.1,2026-08-15T07:22:50.644645,b524fcf
cifar100-subset,50,12,MCL-LOG-Fixed,42,52.22,500,3177.6,2026-08-15T08:15:48.977520,b524fcf
cifar100-subset,50,25,MCL-LOG-Fixed,42,39.88,500,3162.0,2026-08-15T09:08:31.802560,b524fcf
cifar100-subset,50,38,MCL-LOG-Fixed,42,21.16,500,3109.0,2026-08-15T10:00:22.004807,b524fcf
cifar100-subset,50,49,MCL-LOG-Fixed,42,3.16,500,3174.3,2026-08-15T10:53:17.061287,b524fcf
cifar100-subset,10,1,ComCo,42,77.2,500,3594.7,2026-08-14T05:00:12.434414,2b04963
cifar100-subset,10,2,ComCo,42,76.2,500,3590.2,2026-08-14T06:00:02.951311,2b04963
cifar100-subset,10,3,ComCo,42,75.4,500,3576.9,2026-08-14T06:59:40.270777,2b04963
cifar100-subset,10,5,ComCo,42,73.3,500,3581.9,2026-08-14T07:59:22.550637,2b04963
cifar100-subset,10,8,ComCo,42,64.7,500,3567.7,2026-08-14T08:58:50.554139,2b04963
cifar100-subset,10,9,ComCo,42,47.6,500,3588.5,2026-08-14T09:58:39.387934,2b04963
cifar100-subset,20,1,ComCo,42,74.5,500,7575.1,2026-08-14T12:04:54.803717,2b04963
cifar100-subset,20,2,ComCo,42,77.1,500,7618.9,2026-08-14T14:11:54.275813,2b04963
cifar100-subset,20,3,ComCo,42,75.8,500,7594.1,2026-08-14T16:18:28.926160,2b04963
cifar100-subset,20,5,ComCo,42,74.8,500,7674.7,2026-08-14T18:26:24.208968,2b04963
cifar100-subset,20,10,ComCo,42,70.8,500,7537.2,2026-08-14T20:32:01.987277,2b04963
cifar100-subset,20,15,ComCo,42,62.3,500,7899.4,2026-08-14T22:43:41.995410,2cb3935
cifar100-subset,20,19,ComCo,42,35.0,500,5042.4,2026-08-16T03:32:31.070381,951d87e
cifar100-subset,50,1,ComCo,42,68.9,500,11988.9,2026-08-16T06:52:20.641518,951d87e
cifar100-subset,50,2,ComCo,42,69.22,500,14173.8,2026-08-16T10:48:35.181937,951d87e
cifar100-subset,10,1,PRODEN,42,70.4,500,461.4,2026-08-14T04:07:59.175412,2b04963
cifar100-subset,10,2,PRODEN,42,68.9,500,462.1,2026-08-14T04:15:41.645393,2b04963
cifar100-subset,10,3,PRODEN,42,66.9,500,460.6,2026-08-14T04:23:22.616594,2b04963
cifar100-subset,10,5,PRODEN,42,60.5,500,459.8,2026-08-14T04:31:02.790899,2b04963
cifar100-subset,10,8,PRODEN,42,45.9,500,458.7,2026-08-14T04:38:41.868417,2b04963
cifar100-subset,10,9,PRODEN,42,33.6,500,457.3,2026-08-14T04:46:19.573347,2b04963
cifar100-subset,20,1,PRODEN,42,68.55,500,819.9,2026-08-14T04:59:59.736581,2b04963
cifar100-subset,20,2,PRODEN,42,66.1,500,811.8,2026-08-14T05:13:32.179964,2b04963
cifar100-subset,20,3,PRODEN,42,65.35,500,813.5,2026-08-14T05:27:06.262508,2b04963
cifar100-subset,20,5,PRODEN,42,60.6,500,819.7,2026-08-14T05:40:46.526804,2b04963
cifar100-subset,20,10,PRODEN,42,52.85,500,815.6,2026-08-14T05:54:22.655375,2b04963
cifar100-subset,20,15,PRODEN,42,37.85,500,819.4,2026-08-14T06:08:02.643162,2b04963
cifar100-subset,20,19,PRODEN,42,11.2,500,814.4,2026-08-14T06:21:37.632667,2b04963
cifar100-subset,50,1,PRODEN,42,58.98,500,1913.8,2026-08-14T06:53:32.044600,2b04963
cifar100-subset,50,2,PRODEN,42,57.98,500,1899.0,2026-08-14T07:25:12.241575,2b04963
cifar100-subset,50,3,PRODEN,42,56.26,500,1905.9,2026-08-14T07:56:59.382353,2b04963
cifar100-subset,50,5,PRODEN,42,54.4,500,1907.0,2026-08-14T08:28:47.582979,2b04963
cifar100-subset,50,12,PRODEN,42,44.22,500,1914.1,2026-08-14T09:00:43.000743,2b04963
cifar100-subset,50,25,PRODEN,42,27.12,500,1906.0,2026-08-14T09:32:30.571379,2b04963
cifar100-subset,50,38,PRODEN,42,13.14,500,1929.7,2026-08-14T10:04:41.560392,2b04963
cifar100-subset,50,49,PRODEN,42,1.84,500,1881.2,2026-08-14T10:36:03.977447,2b04963
cifar100-subset,10,1,PiCO-Fixed,42,78.7,500,2334.3,2026-08-14T22:36:18.075644,2cb3935
cifar100-subset,10,2,PiCO-Fixed,42,81.4,500,2232.5,2026-08-15T00:23:07.571697,b524fcf
cifar100-subset,10,3,PiCO-Fixed,42,76.9,500,2422.3,2026-08-15T01:03:30.126307,b524fcf
cifar100-subset,10,5,PiCO-Fixed,42,78.0,500,2717.2,2026-08-15T01:48:47.608431,b524fcf
cifar100-subset,10,8,PiCO-Fixed,42,33.1,500,2642.5,2026-08-15T02:32:50.410630,b524fcf
cifar100-subset,10,9,PiCO-Fixed,42,17.8,500,2583.7,2026-08-15T03:15:54.399684,b524fcf
cifar100-subset,20,1,PiCO-Fixed,42,76.5,500,5427.2,2026-08-15T04:46:21.794549,b524fcf
cifar100-subset,20,2,PiCO-Fixed,42,76.0,500,5478.1,2026-08-15T06:17:40.227074,b524fcf
cifar100-subset,20,3,PiCO-Fixed,42,78.65,500,4870.1,2026-08-15T07:38:50.725568,b524fcf
cifar100-subset,20,5,PiCO-Fixed,42,77.05,500,4720.1,2026-08-15T08:57:31.245685,b524fcf
cifar100-subset,20,10,PiCO-Fixed,42,53.55,500,4675.8,2026-08-15T10:15:27.375911,b524fcf
cifar100-subset,20,15,PiCO-Fixed,42,13.1,500,4991.1,2026-08-15T11:38:38.830501,b524fcf
cifar100-subset,20,19,PiCO-Fixed,42,5.2,500,4857.0,2026-08-15T12:59:36.226518,b524fcf
cifar100-subset,50,1,PiCO-Fixed,42,70.42,500,12938.1,2026-08-15T16:35:14.832933,951d87e
cifar100-subset,50,2,PiCO-Fixed,42,70.32,500,12397.8,2026-08-15T20:01:53.369054,951d87e
cifar100-subset,50,12,SCL-NL,42,31.72,500,3006.3,2026-08-15T21:01:46.556664,951d87e
cifar100-subset,50,25,SCL-NL,42,7.82,500,2815.2,2026-08-15T21:48:42.698219,951d87e
cifar100-subset,50,38,SCL-NL,42,3.62,500,2700.6,2026-08-15T22:33:44.069637,951d87e
cifar100-subset,50,49,SCL-NL,42,3.5,500,2794.1,2026-08-15T23:20:18.941541,951d87e
cifar100-subset,50,3,PiCO-Fixed,42,69.8,500,13104.8,2026-08-15T23:40:19.098134,951d87e
cifar100-subset,50,5,PiCO-Fixed,42,70.14,500,13658.2,2026-08-16T03:27:58.076077,951d87e
cifar100-subset,50,12,PiCO-Fixed,42,56.22,500,12609.7,2026-08-16T06:58:08.736197,951d87e
cifar100-subset,50,25,PiCO-Fixed,42,13.98,500,14879.8,2026-08-16T11:06:09.398428,951d87e
cifar100-subset,10,1,MCL-LOG,42,71.8,500,1067.1,2026-08-14T04:18:04.865254,2b04963
cifar100-subset,10,2,MCL-LOG,42,70.5,500,1073.8,2026-08-14T04:35:59.062778,2b04963
cifar100-subset,10,3,MCL-LOG,42,68.1,500,1076.4,2026-08-14T04:53:55.809734,2b04963
cifar100-subset,10,5,MCL-LOG,42,62.8,500,1071.6,2026-08-14T05:11:47.795397,2b04963
cifar100-subset,10,8,MCL-LOG,42,47.6,500,1069.8,2026-08-14T05:29:37.947933,2b04963
cifar100-subset,10,9,MCL-LOG,42,37.5,500,1060.8,2026-08-14T05:47:19.124811,2b04963
cifar100-subset,20,1,MCL-LOG,42,68.35,500,2116.6,2026-08-14T06:22:36.021572,2b04963
cifar100-subset,20,2,MCL-LOG,42,66.65,500,2097.4,2026-08-14T06:57:34.025488,2b04963
cifar100-subset,20,3,MCL-LOG,42,65.05,500,2104.3,2026-08-14T07:32:38.922252,2b04963
cifar100-subset,20,5,MCL-LOG,42,61.9,500,2114.2,2026-08-14T08:07:53.723075,2b04963
cifar100-subset,20,10,MCL-LOG,42,56.5,500,2109.2,2026-08-14T08:43:03.467193,2b04963
cifar100-subset,20,15,MCL-LOG,42,42.3,500,2108.5,2026-08-14T09:18:13.542546,2b04963
cifar100-subset,20,19,MCL-LOG,42,16.9,500,2102.1,2026-08-14T09:53:16.330969,2b04963
cifar100-subset,50,1,MCL-LOG,42,59.72,500,5095.8,2026-08-14T11:18:12.652155,2b04963
cifar100-subset,50,2,MCL-LOG,42,58.58,500,4956.4,2026-08-14T12:40:50.322027,2b04963
cifar100-subset,50,3,MCL-LOG,42,57.72,500,5240.2,2026-08-14T14:08:11.777001,2b04963
cifar100-subset,50,5,MCL-LOG,42,57.06,500,5147.7,2026-08-14T15:34:00.626067,2b04963
cifar100-subset,50,12,MCL-LOG,42,53.78,500,5032.7,2026-08-14T16:57:54.527533,2b04963
cifar100-subset,50,25,MCL-LOG,42,40.56,500,4994.8,2026-08-14T18:21:10.555697,2b04963
cifar100-subset,50,38,MCL-LOG,42,16.84,500,5079.5,2026-08-14T19:45:51.338121,2b04963
cifar100-subset,50,49,MCL-LOG,42,2.86,500,5003.8,2026-08-14T21:09:16.340025,2b04963
cifar100-subset,10,1,ComCo-Fixed,42,79.6,500,2276.1,2026-08-14T22:35:20.020480,2cb3935
cifar100-subset,10,2,ComCo-Fixed,42,79.9,500,2148.3,2026-08-15T00:21:42.498144,b524fcf
cifar100-subset,10,3,ComCo-Fixed,42,76.7,500,2387.2,2026-08-15T01:01:29.940931,b524fcf
cifar100-subset,10,5,ComCo-Fixed,42,74.0,500,2502.9,2026-08-15T01:43:13.093406,b524fcf
cifar100-subset,10,8,ComCo-Fixed,42,61.7,500,2453.3,2026-08-15T02:24:06.644714,b524fcf
cifar100-subset,10,9,ComCo-Fixed,42,50.2,500,2402.1,2026-08-15T03:04:09.007322,b524fcf
cifar100-subset,20,1,ComCo-Fixed,42,65.5,500,5023.8,2026-08-15T04:27:53.045668,b524fcf
cifar100-subset,20,2,ComCo-Fixed,42,64.85,500,5030.5,2026-08-15T05:51:43.978948,b524fcf
cifar100-subset,20,3,ComCo-Fixed,42,63.4,500,4844.1,2026-08-15T07:12:28.505403,b524fcf
cifar100-subset,20,5,ComCo-Fixed,42,61.65,500,4587.1,2026-08-15T08:28:56.015729,b524fcf
cifar100-subset,20,10,ComCo-Fixed,42,56.65,500,4527.8,2026-08-15T09:44:24.124295,b524fcf
cifar100-subset,20,15,ComCo-Fixed,42,45.45,500,4682.7,2026-08-15T11:02:27.208669,b524fcf
cifar100-subset,20,19,ComCo-Fixed,42,37.3,500,4660.4,2026-08-15T12:20:08.054799,b524fcf
cifar100-subset,50,1,ComCo-Fixed,42,8.18,500,12628.7,2026-08-15T15:50:37.441704,951d87e
cifar100-subset,50,2,ComCo-Fixed,42,5.86,500,12026.7,2026-08-15T19:11:04.820770,951d87e
cifar100-subset,50,3,ComCo-Fixed,42,5.22,500,12542.2,2026-08-15T22:40:08.294402,951d87e
cifar100-subset,50,5,ComCo-Fixed,42,5.34,500,12901.3,2026-08-16T02:15:10.375728,951d87e
cifar100-subset,50,12,ComCo-Fixed,42,4.74,500,12358.0,2026-08-16T05:41:09.136042,951d87e
cifar100-subset,50,25,ComCo-Fixed,42,6.18,500,13120.3,2026-08-16T09:19:50.183154,951d87e
cifar100-subset,10,1,PiCO,42,81.5,500,3800.8,2026-08-14T05:03:38.639677,2b04963
cifar100-subset,10,2,PiCO,42,81.4,500,3777.2,2026-08-14T06:06:36.146532,2b04963
cifar100-subset,10,3,PiCO,42,80.1,500,3791.6,2026-08-14T07:09:48.124199,2b04963
cifar100-subset,10,5,PiCO,42,76.0,500,3796.5,2026-08-14T08:13:04.943006,2b04963
cifar100-subset,10,8,PiCO,42,31.4,500,3794.1,2026-08-14T09:16:19.429294,2b04963
cifar100-subset,10,9,PiCO,42,17.6,500,3804.9,2026-08-14T10:19:44.638459,2b04963
cifar100-subset,20,1,PiCO,42,77.5,500,7952.1,2026-08-14T12:32:16.994722,2b04963
cifar100-subset,20,2,PiCO,42,78.3,500,8066.0,2026-08-14T14:46:43.624276,2b04963
cifar100-subset,20,3,PiCO,42,78.05,500,7958.1,2026-08-14T16:59:22.252188,2b04963
cifar100-subset,20,5,PiCO,42,77.1,500,8015.6,2026-08-14T19:12:58.433034,2b04963
cifar100-subset,20,10,PiCO,42,38.85,500,7949.9,2026-08-14T21:25:28.913554,2b04963
cifar100-subset,20,15,PiCO,42,21.85,500,8255.2,2026-08-14T23:43:04.625035,2cb3935
cifar100-subset,20,19,PiCO,42,7.3,500,4836.3,2026-08-15T15:25:09.519435,951d87e
cifar100-subset,50,1,PiCO,42,68.86,500,12308.6,2026-08-15T18:50:18.494528,951d87e
cifar100-subset,50,2,PiCO,42,68.72,500,13291.5,2026-08-15T22:31:50.734467,951d87e
cifar100-subset,50,3,PiCO,42,69.26,500,13435.8,2026-08-16T02:15:47.351804,951d87e
cifar100-subset,50,5,PiCO,42,69.18,500,12807.2,2026-08-16T05:49:15.398300,951d87e
cifar100-subset,50,12,PiCO,42,44.82,500,14267.3,2026-08-16T09:47:03.452683,951d87e
